{
  "mae": 7862.8583984375,
  "rmse": 12368.157178820133,
  "r2": 0.6861233711242676
}