{
  "valid": {
    "mae": 2186.461669921875,
    "rmse": 4363.877175173472,
    "r2": 0.9609250426292419
  },
  "test": {
    "mae": 2333.67822265625,
    "rmse": 4641.077461107496,
    "r2": 0.9549079537391663
  }
}